,cp,Dataset,Split,Approach,Base,ExactMatchRatio,F1,Precision,Recall,Accuracy,AUROC,Recall-NoDamage,Recall-Crack,Recall-Spalling,Recall-Efflorescence,Recall-BarsExposed,Recall-Rust
0,polar-grass-5,codebrim-classif,test,ho,mobilenet,0.1826484054327011,0.405683696269989,0.6026652455329895,0.3488810360431671,0.6849315762519836,0.6706659197807312,0.6521739363670349,0.16249999403953552,0.2666666805744171,0.39772728085517883,0.1320754736661911,0.4821428656578064
0,winter-disco-6,codebrim-classif,test,dha,mobilenet,0.2009132355451584,0.3961176872253418,0.5761042237281799,0.35916244983673096,0.6780821681022644,0.689306914806366,0.760869562625885,0.13750000298023224,0.2888889014720917,0.40909090638160706,0.09433962404727936,0.4642857015132904
0,morning-breeze-9,codebrim-classif,test,ho,resnet,0.155251145362854,0.36012962460517883,0.5055620074272156,0.30876752734184265,0.6788432598114014,0.6736789345741272,0.6086956262588501,0.0,0.31111112236976624,0.47727271914482117,0.16981132328510284,0.2857142984867096
0,snowy-wind-29,codebrim-classif,test,hta,resnet,0.19178082048892975,0.35280680656433105,0.529151439666748,0.32265526056289673,0.665144681930542,0.6715087294578552,0.782608687877655,0.03750000149011612,0.2777777910232544,0.46590909361839294,0.11320754885673523,0.2589285671710968
0,grateful-waterfall-32,codebrim-classif,test,hta,mobilenet,0.16894976794719696,0.37370121479034424,0.5836113095283508,0.32545870542526245,0.6727550029754639,0.6737351417541504,0.739130437374115,0.15000000596046448,0.24444444477558136,0.34090909361839294,0.09433962404727936,0.3839285671710968
0,crimson-puddle-10,codebrim-classif,test,dha,resnet,0.19634702801704407,0.3719289004802704,0.5844605565071106,0.333421915769577,0.6788432598114014,0.6948492527008057,0.804347813129425,0.012500000186264515,0.30000001192092896,0.3636363744735718,0.2075471729040146,0.3125
