,cp,Dataset,Split,Approach,Base,ExactMatchRatio,F1,Precision,Recall,Accuracy,AUROC,Recall-NoDamage,Recall-Crack,Recall-Efflorescence,Recall-Spalling,Recall-BarsExposed,Recall-Rust
0,polar-grass-5,codebrim-classif,test,ho,mobilenet,0.155251145362854,0.32928818464279175,0.4717866778373718,0.294251412153244,0.6407915353775024,0.5960839986801147,0.6521739363670349,0.16249999403953552,0.14772726595401764,0.18888889253139496,0.1320754736661911,0.4821428656578064
0,winter-disco-6,codebrim-classif,test,dha,mobilenet,0.17351597547531128,0.3306475281715393,0.47479701042175293,0.3100883960723877,0.6385083794593811,0.6280066967010498,0.760869562625885,0.13750000298023224,0.15909090638160706,0.24444444477558136,0.09433962404727936,0.4642857015132904
0,morning-breeze-9,codebrim-classif,test,ho,resnet,0.155251145362854,0.3017768859863281,0.4225172996520996,0.26327088475227356,0.6423135995864868,0.6298314929008484,0.6086956262588501,0.0,0.1931818127632141,0.3222222328186035,0.16981132328510284,0.2857142984867096
0,snowy-wind-29,codebrim-classif,test,hta,resnet,0.19178082048892975,0.30265939235687256,0.45177048444747925,0.28452396392822266,0.6347032785415649,0.6345444321632385,0.782608687877655,0.03750000149011612,0.17045454680919647,0.3444444537162781,0.11320754885673523,0.2589285671710968
0,grateful-waterfall-32,codebrim-classif,test,hta,mobilenet,0.16438356041908264,0.3103567957878113,0.46498382091522217,0.28215062618255615,0.6377473473548889,0.6066038608551025,0.739130437374115,0.15000000596046448,0.14772726595401764,0.17777778208255768,0.09433962404727936,0.3839285671710968
0,crimson-puddle-10,codebrim-classif,test,dha,resnet,0.1780821979045868,0.29255250096321106,0.4508664309978485,0.27694040536880493,0.633181095123291,0.6449772119522095,0.804347813129425,0.012500000186264515,0.11363636702299118,0.21111111342906952,0.2075471729040146,0.3125
