,cp,Dataset,Split,Approach,Base,ExactMatchRatio,F1,Precision,Recall,Accuracy,AUROC,Recall-NoDamage,Recall-Crack,Recall-Efflorescence,Recall-Spalling,Recall-BarsExposed,Recall-Rust
0,astral-morning-12,meta3,test,dha,resnet,0.19634702801704407,0.3718401789665222,0.5990495681762695,0.3337154984474182,0.6834094524383545,0.725391685962677,0.782608687877655,0.012500000186264515,0.47727271914482117,0.31111112236976624,0.15094339847564697,0.2678571343421936
0,pious-energy-11,meta3,test,ho,resnet,0.12328767031431198,0.2759312391281128,0.6288793683052063,0.21756216883659363,0.6666666865348816,0.673758327960968,0.5652173757553101,0.02500000037252903,0.15909090638160706,0.30000001192092896,0.11320754885673523,0.1428571492433548
0,azure-bird-28,meta3,test,hta,resnet,0.2054794579744339,0.32404112815856934,0.6674858331680298,0.29508668184280396,0.6659055948257446,0.7083048820495605,0.8478260636329651,0.08749999850988388,0.25,0.3222222328186035,0.07547169923782349,0.1875
0,northern-planet-3,meta3,test,ho,mobilenet,0.155251145362854,0.3807634115219116,0.5945309400558472,0.3187539875507355,0.6849315762519836,0.688957691192627,0.717391312122345,0.16249999403953552,0.4204545319080353,0.2777777910232544,0.07547169923782349,0.2589285671710968
0,polar-haze-4,meta3,test,dha,mobilenet,0.1826484054327011,0.3228257894515991,0.595673680305481,0.2894555330276489,0.6598173379898071,0.7062558531761169,0.8260869383811951,0.11249999701976776,0.2954545319080353,0.25555557012557983,0.11320754885673523,0.1339285671710968
0,daily-eon-30,meta3,test,hta,mobilenet,0.17351597547531128,0.3503713607788086,0.6110649108886719,0.29657137393951416,0.680365264415741,0.6943805813789368,0.739130437374115,0.125,0.40909090638160706,0.2888889014720917,0.056603774428367615,0.1607142835855484
