,cp,Dataset,Split,Approach,Base,ExactMatchRatio,F1,Precision,Recall,Accuracy,AUROC,Recall-NoDamage,Recall-Crack,Recall-Efflorescence,Recall-Spalling,Recall-BarsExposed,Recall-Rust
0,efficient-cherry-2,meta2,test,dha,mobilenet,0.18721461296081543,0.3569936752319336,0.6338661909103394,0.31466221809387207,0.6757991313934326,0.7144803404808044,0.804347813129425,0.10000000149011612,0.375,0.30000001192092896,0.09433962404727936,0.2142857164144516
0,fast-aardvark-27,meta2,test,hta,resnet,0.19634702801704407,0.32250916957855225,0.6167607307434082,0.2977742552757263,0.6659056544303894,0.710222065448761,0.8478260636329651,0.02500000037252903,0.3863636255264282,0.25555557012557983,0.07547169923782349,0.1964285671710968
0,sage-waterfall-8,meta2,test,dha,resnet,0.21461187303066254,0.35422655940055847,0.6391291618347168,0.32444462180137634,0.6788432002067566,0.733024537563324,0.8913043737411499,0.012500000186264515,0.34090909361839294,0.30000001192092896,0.16981132328510284,0.2321428507566452
0,unique-disco-18,meta2,test,ho,mobilenet,0.1278538852930069,0.3717651963233948,0.6446678638458252,0.28345951437950134,0.6925418972969055,0.6876458525657654,0.47826087474823,0.17499999701976776,0.4545454680919647,0.31111112236976624,0.09433962404727936,0.1875
0,avid-night-31,meta2,test,hta,mobilenet,0.17351597547531128,0.3400464653968811,0.6185591816902161,0.277108758687973,0.6735159754753113,0.6963613033294678,0.6304348111152649,0.15000000596046448,0.375,0.2888889014720917,0.07547169923782349,0.1428571492433548
0,rosy-feather-7,meta2,test,ho,resnet,0.155251145362854,0.3836090564727783,0.6293650269508362,0.3035864233970642,0.6872146129608154,0.6793500781059265,0.5652173757553101,0.125,0.3295454680919647,0.4444444477558136,0.16981132328510284,0.1875
