,cp,Dataset,Split,Approach,Base,ExactMatchRatio,F1,Precision,Recall,Accuracy,AUROC,Recall-NoDamage,Recall-Crack,Recall-Efflorescence,Recall-Spalling,Recall-BarsExposed,Recall-Rust
0,frosty-wood-6,meta4,test,ho,resnet,0.11415524780750275,0.24321597814559937,0.5707288980484009,0.19001945853233337,0.6499239206314087,0.6514500379562378,0.5,0.11249999701976776,0.125,0.2666666805744171,0.03773584961891174,0.0982142835855484
0,comic-bee-1,meta4,test,ho,mobilenet,0.14611871540546417,0.32881566882133484,0.5832639336585999,0.2666870057582855,0.6719939708709717,0.656067430973053,0.5652173757553101,0.15000000596046448,0.4431818127632141,0.23333333432674408,0.056603774428367615,0.1517857164144516
0,hearty-elevator-18,meta4,test,hta,mobilenet,0.16438356041908264,0.31823286414146423,0.5740456581115723,0.2807215452194214,0.6659056544303894,0.6780855059623718,0.717391312122345,0.21250000596046448,0.3863636255264282,0.2777777910232544,0.01886792480945587,0.0714285746216774
0,golden-spaceship-32,meta4,test,hta,resnet,0.2009132355451584,0.35041090846061707,0.6413830518722534,0.3053092956542969,0.6735159754753113,0.705631673336029,0.782608687877655,0.08749999850988388,0.39772728085517883,0.24444444477558136,0.1320754736661911,0.1875
0,olive-snow-29,meta4,test,dha,resnet,0.2009132355451584,0.363252729177475,0.6206663846969604,0.32511305809020996,0.6757991313934326,0.707103967666626,0.8260869383811951,0.0625,0.4204545319080353,0.31111112236976624,0.16981132328510284,0.1607142835855484
0,daily-dream-16,meta4,test,dha,mobilenet,0.19178082048892975,0.29319578409194946,0.5629014372825623,0.27568867802619934,0.6552512049674988,0.6731250882148743,0.804347813129425,0.11249999701976776,0.40909090638160706,0.21111111342906952,0.01886792480945587,0.0982142835855484
